{"paths": {"otree/css/theme.css": "otree/css/theme.14618bc0fe75.css", "otree/css/table.css": "otree/css/table.7c1dcd283b11.css", "otree/js/jquery.animate-colors.js": "otree/js/jquery.animate-colors.22eec2b3e9a9.js", "otree/js/jquery.animate-colors-min.js": "otree/js/jquery.animate-colors-min.2e37e4af8d08.js", "otree/js/jquery.color-2.1.2.min.js": "otree/js/jquery.color-2.1.2.min.a37ec1d1fc4c.js", "otree/js/jsondiffpatch.min.js": "otree/js/jsondiffpatch.min.d2721f8ee6bf.js", "otree/js/reconnecting-websocket-iife.min.js": "otree/js/reconnecting-websocket-iife.min.a911e6d4a4a8.js", "otree/js/page-websocket-redirect.js": "otree/js/page-websocket-redirect.27091f9d41d6.js", "otree/js/jquery.countdown.min.js": "otree/js/jquery.countdown.min.76a923d3d692.js", "otree/js/jquery-3.2.1.min.js": "otree/js/jquery-3.2.1.min.473957cfb255.js", "otree/js/common.js": "otree/js/common.b79598b59596.js", "otree/js/jsondiffpatch.min.map": "otree/js/jsondiffpatch.min.4cb2273e6075.map", "otree/js/jquery.timeago.js": "otree/js/jquery.timeago.28da9e599c5a.js", "otree/js/table-utils3.js": "otree/js/table-utils3.978d92593e42.js", "bootstrap4/css/bootstrap-grid.min.css": "bootstrap4/css/bootstrap-grid.min.8997ec71a78e.css", "bootstrap4/css/bootstrap.css.map": "bootstrap4/css/bootstrap.css.baebc743a8e9.map", "bootstrap4/css/bootstrap-grid.css": "bootstrap4/css/bootstrap-grid.f789083b5ad6.css", "bootstrap4/css/bootstrap.css": "bootstrap4/css/bootstrap.c17ae4f0529e.css", "bootstrap4/css/bootstrap-reboot.min.css": "bootstrap4/css/bootstrap-reboot.min.1acc02b102fc.css", "bootstrap4/css/bootstrap-grid.min.css.map": "bootstrap4/css/bootstrap-grid.min.css.88911562570a.map", "bootstrap4/css/bootstrap-reboot.min.css.map": "bootstrap4/css/bootstrap-reboot.min.css.0d44c2c533fc.map", "bootstrap4/css/bootstrap.min.css.map": "bootstrap4/css/bootstrap.min.css.d35c9e55233c.map", "bootstrap4/css/bootstrap-reboot.css": "bootstrap4/css/bootstrap-reboot.f1f75a3daa99.css", "bootstrap4/css/bootstrap-grid.css.map": "bootstrap4/css/bootstrap-grid.css.252fc8f161d2.map", "bootstrap4/css/bootstrap-reboot.css.map": "bootstrap4/css/bootstrap-reboot.css.6898152aff34.map", "bootstrap4/css/bootstrap.min.css": "bootstrap4/css/bootstrap.min.416bb9e03b22.css", "bootstrap4/js/bootstrap.min.js.map": "bootstrap4/js/bootstrap.min.js.331c9bac5363.map", "bootstrap4/js/bootstrap.bundle.js": "bootstrap4/js/bootstrap.bundle.e52da3817494.js", "bootstrap4/js/bootstrap.js.map": "bootstrap4/js/bootstrap.js.a9071a2bbefe.map", "bootstrap4/js/bootstrap.bundle.js.map": "bootstrap4/js/bootstrap.bundle.js.61b82bbc09dd.map", "bootstrap4/js/bootstrap.bundle.min.js": "bootstrap4/js/bootstrap.bundle.min.18a1ebc44d97.js", "bootstrap4/js/bootstrap.js": "bootstrap4/js/bootstrap.bb38938b1b90.js", "bootstrap4/js/bootstrap.bundle.min.js.map": "bootstrap4/js/bootstrap.bundle.min.js.91b4eb2e34d3.map", "bootstrap4/js/bootstrap.min.js": "bootstrap4/js/bootstrap.min.d061ab58270e.js", "global/empty.css": "global/empty.d41d8cd98f00.css", "glyphicons/usd.png": "glyphicons/usd.aba9e7f391c3.png", "glyphicons/link.png": "glyphicons/link.5075ea9d91e2.png", "glyphicons/download-alt.png": "glyphicons/download-alt.dbae81d1854c.png", "glyphicons/pencil.png": "glyphicons/pencil.5f6bce536644.png", "glyphicons/pushpin.png": "glyphicons/pushpin.ceb842c9ab43.png", "glyphicons/list-alt.png": "glyphicons/list-alt.c6574d499417.png", "glyphicons/stats.png": "glyphicons/stats.041d4bc373d3.png", "glyphicons/refresh.png": "glyphicons/refresh.b251fdacf52d.png", "glyphicons/cogwheel.png": "glyphicons/cogwheel.b72c7d69cbd2.png", "glyphicons/plus.png": "glyphicons/plus.001f1663952b.png", "glyphicons/cloud.png": "glyphicons/cloud.5e2bcfa1c7a9.png", "glyphicons/folder-closed.png": "glyphicons/folder-closed.fe46c6e6f710.png", "glyphicons/clock.png": "glyphicons/clock.5fc2fe7423a8.png", "glyphicons/eye-open.png": "glyphicons/eye-open.ec9c4d6726d5.png", "glyphicons/delete.png": "glyphicons/delete.2848146b876d.png", "robots.txt": "robots.f71d20196d4c.txt"}, "version": "1.0"}